{"cameraMode":{"drawMode":0,"name":"Shaded","section":"Shading Mode"},"sceneLighting":false,"audioPlay":false,"sceneViewState":{"m_AlwaysRefresh":false,"showFog":true,"showSkybox":false,"showFlares":true,"showImageEffects":true,"showParticleSystems":true,"showVisualEffectGraphs":true,"m_FxEnabled":true},"in2DMode":false,"pivot":{"x":0.00011616945266723633,"y":0.8226715922355652,"z":0.011777132749557495},"rotation":{"x":-0.051192689687013629,"y":0.9476847052574158,"z":-0.19784428179264069,"w":-0.24521532654762269},"size":1.354884386062622,"orthographic":false}