{"cameraMode":{"drawMode":0,"name":"Shaded","section":"Shading Mode"},"sceneLighting":false,"audioPlay":false,"sceneViewState":{"m_AlwaysRefresh":false,"showFog":false,"showSkybox":false,"showFlares":false,"showImageEffects":false,"showParticleSystems":false,"showVisualEffectGraphs":true,"m_FxEnabled":true},"in2DMode":false,"pivot":{"x":-0.026330411434173585,"y":1.3720446825027466,"z":-0.11845672130584717},"rotation":{"x":0.027707131579518319,"y":-0.9608786702156067,"z":0.2552621364593506,"w":0.10495874285697937},"size":2.6822779178619386,"orthographic":false}