{"cameraMode":{"drawMode":0,"name":"Shaded","section":"Shading Mode"},"sceneLighting":false,"audioPlay":false,"sceneViewState":{"m_AlwaysRefresh":false,"showFog":false,"showSkybox":false,"showFlares":false,"showImageEffects":false,"showParticleSystems":false,"showVisualEffectGraphs":true,"m_FxEnabled":true},"in2DMode":false,"pivot":{"x":-0.006704211235046387,"y":0.8242260217666626,"z":0.07219439744949341},"rotation":{"x":0.02930290624499321,"y":0.9518311023712158,"z":-0.0961088240146637,"w":0.28990888595581057},"size":1.1055163145065308,"orthographic":false}