{"cameraMode":{"drawMode":0,"name":"Shaded","section":"Shading Mode"},"sceneLighting":false,"audioPlay":false,"sceneViewState":{"m_AlwaysRefresh":false,"showFog":false,"showSkybox":false,"showFlares":false,"showImageEffects":false,"showParticleSystems":false,"showVisualEffectGraphs":true,"m_FxEnabled":true},"in2DMode":false,"pivot":{"x":-0.02442634105682373,"y":1.2754764556884766,"z":0.507436990737915},"rotation":{"x":-0.019921865314245225,"y":-0.9626622796058655,"z":0.26034727692604067,"w":-0.07301164418458939},"size":2.323458433151245,"orthographic":false}