{"cameraMode":{"drawMode":0,"name":"Shaded","section":"Shading Mode"},"sceneLighting":false,"audioPlay":false,"sceneViewState":{"m_AlwaysRefresh":false,"showFog":true,"showSkybox":false,"showFlares":true,"showImageEffects":true,"showParticleSystems":true,"showVisualEffectGraphs":true,"m_FxEnabled":true},"in2DMode":false,"pivot":{"x":4.528680801391602,"y":2.7801311016082765,"z":15.765308380126954},"rotation":{"x":-0.019598467275500299,"y":-0.10206898301839829,"z":0.0014400066575035453,"w":-0.9948000311851502},"size":1.1221985816955567,"orthographic":false}